Type,drug,target
BLCA,ERDAFITINIB|ENFORTUMAB VEDOTIN-EJFV|MITOMYCIN|VALSTAR|ATEZOLIZUMAB|KEYTRUDA|METHOTREXATE SODIUM|BALVERSA|OPDIVO|BAVENCIO|VALRUBICIN|IMFINZI|PEMBROLIZUMAB|TECENTRIQ|PADCEV|METHOTREXATE|DOXORUBICIN HYDROCHLORIDE|DURVALUMAB|CISPLATIN|THIOTEPA|NIVOLUMAB|JELMYTO|AVELUMAB,FKBP15|SALL3|NQO1|DUSP28|B2M|CD226|ATP9B|S100A12|GPR35|FGFR4|C18orf63|HDAC4|TAT|NHLRC1|SMIM21|CCDC102B|NTRK1|FGFR3|ANKMY1|NDUFA10|ZNF236|FAM132B|SCLY|CDH7|AC016757.3|XPC|ALOX5|RAMP1|CLCN6|PASK|FAM69C|PER2|SOCS6|PMS2|FBXO15|FGFR2|CNDP1|CNDP2|KRAS|ATIC|RBM44|CYP2B6|CD3EAP|ZNF516|ZADH2|KIT|PTEN|GALR1|NR1I2|NETO1|FOLH1|TMEM43|SLC19A1|CDKN1B|FGFR1|ANO7|MSH2|SLC31A1|AC110619.2|XRCC3|RP11-162A12.2|UBE2F-SCLY|RP11-861L17.3|MLH1|ASXL1|STK25|RP11-321M21.3|JAK2|JAK3|JAK1|CX3CL1|TRAF3IP1|RP11-723G8.2|PRR21|TOP2A|DSEL|CTLA4|FARP2|KLHL30|TSHZ1|PPP1R7|ESPNL|ASB1|AFP|IL1RN|TP53|ESR1|CD274|UBE2F|TIMM21|BAIAP3|CCND1|OTOS|HES6|TMX3|CBLN2|AC062017.1|RNPEPL1|POLE|RP11-41O4.1|ITIH1|AGXT|ITIH3|GLS|FLT3|KCNA1|RTTN|TPM3|CDH19|ICAM3|S100A8|LRRFIP1|KIF1A|BIRC5|SNED1|PDCD1|ACVR2A|ALDH3A1|ARVCF|MTHFR|MECP2|TPMT|COMT|BAX|GTSCR1|ADA|LINC00908|LRP2|GALNT14|ALK|GSTM1|GSTM4|CAPN10|IL2|C2orf54|ZNF407|SLAMF1|RP11-17M16.1|TOP2B|DHFR|ERCC2|MSH3|EGFR|MSH6|FCGR3B|SLCO1B1|AC093802.1|AC104809.3|ALDH1A1|OR6B2|OR6B3|HLA-DRA|AC079612.1|TWIST2|NRAS|RB1|DOK6|AQP12B|AQP12A|SEPT2|MBP|KRT20|SULT2A1|NR3C1|HDLBP|HSPB2|RP11-94B19.4|RP11-169F17.1|GPC1|ILKAP|WRAP53|HGF|CYB5A|MTERFD2|E2F1|NOTCH1|TYMS|GSTP1|KDR|MYEOV2|BRAF|ABCC4|PPP1R13L
DLBC,BENDAMUSTINE HYDROCHLORIDE|TRUXIMA|TAZEMETOSTAT HYDROBROMIDE|DUVELISIB|PENTOSTATIN|PRALATREXATE|MOZOBIL|METHOTREXATE SODIUM|IDELALISIB|ZEVALIN|923288-90-8|ISTODAX|COPANLISIB HYDROCHLORIDE|REVLIMID|BENDEKA|L-ASPARAGINASE|OBINUTUZUMAB|IDARUBICIN HYDROCHLORIDE|IBRITUMOMAB TIUXETAN|INOTUZUMAB OZOGAMICIN|CYTARABINE|PONATINIB HYDROCHLORIDE|ALEMTUZUMAB|CARFILZOMIB|METHOTREXATE|BLEOMYCIN SULFATE|RECOMBINANT INTERFERON ALFA-2B|OFATUMUMAB|SELINEXOR|COPIKTRA|LENALIDOMIDE|VINBLASTINE|BLINATUMOMAB|KYMRIAH|6-MERCAPTOPURINE|IXAZOMIB|TISAGENLECLEUCEL|ONTAK|IMBRUVICA|POLIVY|BRUKINSA|BRIGATINIB|RITUXIMAB AND HYALURONIDASE HUMAN|VENETOCLAX|PANOBINOSTAT LACTATE|BICNU|AZD-9291 MESYLATE|ACALABRUTINIB|VELCADE|ZOLINZA|ADCETRIS|ASPARAGINASE|FLUDARABINE PHOSPHATE|BELEODAQ|NILOTINIB|THALIDOMIDE|TREXALL|BRENTUXIMAB|PONATINIB|MIDOSTAURIN|BOSUTINIB|POLATUZUMAB VEDOTIN-PIIQ|INTRON A|MITOXANTRONE HYDROCHLORIDE|DASATINIB|BEXAROTENE|MECHLORETHAMINE HYDROCHLORIDE|RITUXAN|RITUXAN HYCELA|IDARUBICIN|FLUDARABINE|ZYDELIG|MOGAMULIZUMAB-KPKC|BORTEZOMIB|DAUNORUBICIN|PLERIXAFOR|LEUKERAN|VINCRISTINE SULFATE|POMALIDOMIDE|CALQUENCE|MITOXANTRONE|CARMUSTINE|BELINOSTAT|GAZYVA|TREANDA|AXICABTAGENE CILOLEUCEL|FOLOTYN|DARATUMUMAB|5-AZACYTIDINE|BUSULFAN|ARSENIC TRIOXIDE|HOMOHARRINGTONINE|ALIQOPA|ROMIDEPSIN|DENILEUKIN DIFTITOX|MUSTARGEN|ARRANON|CLADRIBINE|ELOTUZUMAB|CHLORAMBUCIL|PREDNISONE|XPOVIO|PANOBINOSTAT|VINCRISTINE|VENCLEXTA|ABT-199|VINBLASTINE SULFATE|IXAZOMIB CITRATE|CLOFARABINE|VORINOSTAT|AZD-9291|TAZVERIK|RITUXIMAB|ZANUBRUTINIB|COPANLISIB|DEXAMETHASONE|POTELIGEO|BRENTUXIMAB VEDOTIN|DACARBAZINE|CYCLOPHOSPHAMIDE|IBRITUMOMAB|PEMBROLIZUMAB|IMATINIB|HYDROXYUREA|MELPHALAN|6-THIOGUANINE|IMATINIB MESYLATE|DOXORUBICIN HYDROCHLORIDE|RETINOIC ACID|NELARABINE|23541-50-6|YESCARTA|KEYTRUDA|ARSENIC|IBRUTINIB,C3orf83|CRKL|HSPA4|CHD8|STK10|HSPA8|PCSK6|CPAMD8|PSMB11|PSME2P2|HIPK4|PDCD11|TAT|SMG1|CDC73|CAMK1|PIK3CA|PIK3CB|PIK3CD|PIK3CG|GSR|CRBN|DDB1|VDAC1|SCLY|IGF1R|STK11|NR5A1|TPM3|IFNG|CAMK2G|IL2RB|CAMK2B|PIK3C2B|PIK3C2A|PIK3C2G|CSF3R|CYP3A4|PIK3C3|GATA2|NLK|CNDP2|GATA1|HIPK3|AKAP6|JAK2|ORM1|POU2AF1|CCND1|TUBB4B|ASXL1|B2M|PTEN|GSTM1|CD226|ADH1C|TUBE1|TNFSF11|CDKN1B|CDKN1A|ALDH3A1|MLL3|MLL2|MYO18B|CAPN10|APOA1|RP11-162A12.2|XPO1|APOE|APOB|GCG|PVT1|MST1|TTK|RP11-321M21.3|TNFRSF8|JAK3|NF1|STAG3|KSR2|ZNF516|NR1H3|ALPK1|FAM123B|ALPK2|TSPYL2|HOXB1|PAXIP1|BLM|PPARG|PPARD|VEGFA|BLK|VEGFB|HCK|CHST3|RTTN|ING1|TNK2|GSTO1|RPS6KA6|PSMD14|PSMD11|PSMD10|CBL|PSMD12|MAP3K2|ACOXL|ITGAL|HES1|VWF|EIF4A1|NR0B1|KRT19|CD19|MYH11|DNMT1|CD40LG|RALBP1|SMAD4|SRGAP3|PZP|SMO|EIF4E|POLE|MKRN2|AKAP12|POLB|FH|CYFIP1|GLS|GPRC5A|CAMK1D|MDK|NCOA4|PRAME|TUBB2A|ASPH|NR2F2|PSMD10P3|RET|S100A8|RBM15|PSMD10P2|UBE2F-SCLY|EIF4B|PSMD10P1|RP11-17M16.1|RIF1|NAT2|RXRG|MYLK3|RXRB|PSMD3|PSMD2|WEE1|SRPK3|SRPK2|CYP2C9|IL2RA|HGF|ALK|IL2RG|F9|FOXO1|TP73|SI|SPP1|PRKD1|PRKD3|BRCA1|TOP2B|PSMD9|PSMD8|PSMD5|PSMD4|PSMD7|PSMD6|EGFR|BAX|PTPRZ1|CTNNB1|PLCG2|MAPK10|MAGEA1|OR6B2|OR6B3|EPS15|PGD|CDK19|MYOD1|DPYD|TWIST2|CDK17|SULF1|PIPSL|CXCR2|YES1|CXCR4|PSMC1|PSMC2|PSMC3|PSMC4|PSMC5|PSMC6|FOLH1|NOS1|NOS2|NOS3|AC110619.2|ITGB6|RP11-169F17.1|FBN2|HLA-DRA|CLCN6|P2RY2|TTBK1|MTERFD2|SEM1|E2F1|PNP|CALR|CCNA1|CYB5A|MAP3K12|MAP3K13|STK4|PPP1R13L|EWSR1|EEF2|LIF|NQO2|PDGFRA|NQO1|IKBKB|TNRC6B|FCGR1A|IKBKE|ROS1|FBLN5|PI4KB|RARA|RARB|TUBA3E|TUBA3D|RARG|SIX4|NFE2L2|PSMB10|SAG|FGR|CNDP1|NDUFA10|RPE65|CDH1|PSMD1|CDH5|MYEOV2|CDH7|WT1|AC093802.1|EXT2|CDKN2D|TPO|TSC22D3|RAMP1|JAZF1|FAM69C|KLK3|FIP1L1|ARID1A|SLC2A4|C1QC|C1QB|SLC2A1|CSF3|CD3EAP|WNK1|DBF4|WHSC1|NETO1|APC|ACTB|TMEM40|NGF|CYB5R4|BCL11B|FUS|COPS5|PI4KA|ITGB2|CNTN6|SLC29A2|SLC29A1|CNTN5|HSPB2|ATP7A|MYCN|RP11-861L17.3|NEK1|ZNF608|MKL1|ROR2|CEACAM1|COL18A1|STK25|SRMS|PRKG1|CDC42BPA|TUBD1|BMX|PRR21|TXNRD1|INCENP|FARP2|TCF3|XPC|PRRX1|IGFBP1|HES6|HSPB8|RBX1|SHH|FBN1|AFP|TUBB2B|DPEP1|MGA|TRAF3IP1|TBP|DNAH8|TUBB|GPR112|DDRGK1|TP53BP1|BTK|ILKAP|HDAC1|PDGFRB|HDAC3|HDAC2|HDAC5|HDAC4|HDAC7|HDAC6|HDAC9|HDAC8|ATM|RFC1|CYP4B1|WLS|CSMD3|ATR|RP11-41O4.1|CHAT|FABP1|STK24|CD40|WDHD1|FLT3|POLD1|CSF1R|FANCC|AC104809.3|LRRFIP1|TBX18|MAPK6|FANCL|NOVA1|VGLL4|HAS3|TGFBR3|ACVR2A|NTF3|FRK|SERPINE1|TPMT|IL6R|DLL1|NUDT10|GTSCR1|LINC00908|EP300|NFKB2|TAOK3|TRIT1|ALOX5|ITK|ARNT|SLC22A16|SLC22A12|IRS2|CDK2|PPAT|CDK4|FANCI|ESPNL|CDK8|FBXW7|SLAMF1|OBSCN|POLA2|POLA1|TGFBR2|ERCC1|MSH2|MSH3|MSH6|CYP17A1|EZH2|MCL1|SMARCA4|ELL|AXIN1|TPPP|ADCK4|RGL2|FYN|ADCK3|RB1|SNORD68|TET1|ABCB1|ZAP70|AURKB|ABCB4|SULT2A1|PRKCI|PRKCH|TET2|PRKCA|PSME4|NR4A1|FCGR2B|PRKCD|PRKCG|FCGR2A|ABCC4|PRKCZ|CASC5|SLK|PRKCQ|TUBA4A|CTNNA2|TAMM41|BAI1|TTBK2|MAML1|NOTCH1|NOTCH2|ABCC1|SCRIB|ITGAV|ITPA|CYP2C19|ADH1A|CALCA|PTCH1|MMP2|GDA|CD38|PMAIP1|TBX21|PRPF4B|AGER|FBXO15|CHN1|BCL2L2|ALPL|GPR35|RANBP17|PPP1R7|DCK|PPP1R3A|BHLHE40|MAP3K1|MAP3K6|RORB|WDR63|NF2|ERBB2|ERBB3|BRCA2|ERBB4|IDH2|IDH1|JAK1|HOXD1|PASK|NR2C2|PER2|PER1|NR2C1|RPL13|FGFR4|IL12RB2|FGFR2|FGFR3|FGFR1|ATIC|RBM44|AKT1|CXCL8|CCL17|NEDD9|KIT|SPEN|F2R|GALR1|RUNX1|HDAC11|HDAC10|LZTR1|CD3E|CD3G|DSEL|RRM2B|CLSPN|HRAS|CRTC3|XRCC5|PSMC1P1|SEPT2|IL1R2|PPM1E|GUCY2F|MET|EGR2|JUN|PPARGC1A|XDH|CHKA|TIAM1|TRPM8|KIF1A|TRPM6|TRPM7|FAM132B|NPPC|THRSP|EPHB2|CTLA4|EPHB1|EPHB6|TUBB8|SULT1C4|TUBB6|TSHZ1|TUBB3|TUBB1|PAX5|SLAMF7|ASB1|ICAM3|GPHN|RELA|TP53|DNTT|TNFRSF1A|DDR2|CD274|PSMD4P1|DDR1|NYNRIN|HOXC13|CYP2E1|UBE2F|PSMD13|POLE4|POLE3|TIMM21|SULT2B1|PRL|AGTR1|OTOS|LCK|PTH1R|VEGFC|SGK223|TGFB1|ACTC1|AC062017.1|LHFP|CCR4|SNED1|IL1B|RAF1|BCR|KCNA1|SLC10A2|DUSP28|SIK1|SIK3|SIK2|NAV3|HPRT1|SPG7|CBLN2|BMP2K|CD86|PSMA2|PSMA3|PSMA1|PSMA6|TSEN2|PSMA4|PSMA5|PSMA8|UBR5|KDR|SRC|DHFR|ERCC3|BCL2L11|RNPEPL1|SRI|PRKAA1|SALL3|GALC|OCLN|ATRX|CP|LYN|CYP1A1|CYP1A2|SGK3|CDA|RPSA|IL10|IL11|EIF2AK3|AGXT|ASNS|RARRES1|IL6|IL5|IL2|C2orf54|ZNF407|RRM2|CDH11|MAP4K2|MAP4K5|MCM3AP|CDH17|CDH19|BIRC5|DIP2C|FCGR3A|ECM1|FCGR3B|SLCO1B1|MAP2K2|MAP2K1|AC016757.3|RUNX1T1|TOP1|ZMYND10|MAP2K4|TEAD1|ALDH1A1|ALDH1A2|TEAD4|TYMSOS|CBS|MLLT4|FAS|PTHLH|OPLAH|CD3D|NIPBL|NRG1|TERT|MBP|NT5C2|POLE2|ANXA1|KMT2A|SMARCB1|MTR|PSMC3IP|MCM3|WRAP53|HLF|IMPDH1|TAGLN|CASP6|MLKL|SDS|INSR|PHF3|LPL|EPM2AIP1|IMPDH2|C1S|C1R|ABCC6|AC079612.1|BCL2|BCL2L1|PTGS2|TIMP4|MLH3|PSMF1|KLK7|MC2R|SGK196|EPO|SOAT1|ATP9B|S100A10|BDNF|S100A12|CD247|UBR1|C18orf63|MS4A1|SMIM21|CCDC102B|ZNF236|NTRK1|NTRK3|ANKMY1|CDKN2A|PHC1|ARHGAP26|SFTPA1|MYC|CTAG1B|DDIT3|SOD2|TUBG1|CD22|P4HB|HTR7|SOCS6|SMAD2|MGMT|ANKK1|PMS2|SMAD3|CSNK2A1|KRAS|ERC1|PDCD1|BMP4|BRSK1|HYAL2|ROBO2|XIAP|ZADH2|LDHA|NR1I2|DYRK2|HUNK|TLR4|HSD11B1|APP|SLC19A1|TNFRSF9|ZNF217|VDR|NR3C2|HLA-B|TRIM37|TRAF2|DCLK2|TDO2|CSF2|CLTC|ARID4B|ADRBK1|IL1R1|NPRL2|AMH|PREX2|LRRK2|PTH|TUBA1C|TUBA1B|TUBA1A|THBS1|PIK3R6|PIK3R5|PIK3R4|PIK3R3|PIK3R2|PIK3R1|RPGRIP1|MYD88|RP11-723G8.2|TOP2A|TRH|PRKCB|KLHL30|NCOA3|PRKCE|KRT20|C15orf2|FCGR2C|RHOH|MLL|RXRA|PKHD1|TFE3|PSME1|FGF2|IL1RN|ABCG2|TLK1|ETV6|VAV1|MPO|G6PD|HOXD13|TNFAIP3|KDM5A|SHBG|NRD1|TNF|HECW1|AIFM1|ARHGAP29|EPHA7|EPHA6|EPHA5|EPHA4|EPHA3|EPHA2|EPHA1|FFAR2|HNRNPH1|DIABLO|SACS|ABL1|ABL2|IKZF1|NCAM1|SORL1|MARK4|TEK|BTG1|CGA|TEC|CYP2B6|MAPK3|MAPK1|FASN|NBN|MAPK4|PML|NFKB1|MAPK8|DUSP6|DUSP1|PSMA7|TBXA2R|FSCB|MTHFR|HDLBP|RPL3|VCAM1|BCOR|ADA|ACHE|ADK|TAB1|TRPS1|DICER1|SOS2|RASGRF2|MT1F|ROCK1|GGH|TJP1|STAT5B|PRKACG|PSMB9|PSMB8|PSMB7|PSMB6|PSMB5|PSMB4|PSMB3|PSMB2|PSMB1|TRIB1|CD52|CD55|KALRN|RPS19|JUNB|NRIP1|LATS1|ANO7|ROCK2|RRM1|ADAM17|UGT1A5|ACKR3|UGT1A1|P2RX7|CUL4A|TXK|CAND2|TYMS|NRAS|GSTP1|MLH1|THPO|LRP1B|GLI1|DOK6|AQP12B|AQP12A|DGKB|TG|ADRM1|C1QA|DAPK1|VPS13B|ULK2|PDGFA|NR3C1|DNMT3A|ULK4|RP11-94B19.4|PSME2|PLAU|PLAT|GPC1|GGT1|TMX3|DACH1|BIRC3|NPM1|RASA1|PSME3|COL14A1|UBE3B|PTPRC|BRAF|GNA11|CARTPT|BAP1|FOLR1|PDE4DIP
LGG,MVASI|AVASTIN|AFINITOR DISPERZ|GLIADEL WAFER|PROCARBAZINE|TEMODAR|CARMUSTINE|AFINITOR|TEMOZOLOMIDE|EVEROLIMUS|CARMUSTINE IMPLANT|BICNU|BEVACIZUMAB|LOMUSTINE,BRCA1|GSR|SYNE1|STMN4|THBS2|HRAS|ATM|EGFR|PRL|RET|C1QB|CTNNB1|VHL|AKT2|AKT3|COL18A1|CSF2|FCGR1A|MMP9|MGMT|KIT|TSC2|HTRA1|TSC1|H2AFX|C1R|DPYD|PIK3CA|ATR|NRAS|RB1|CXCR2|AKT1|NF2|NF1|ANXA11|MYC|GGH|ERBB2|FLCN|BRCA2|STAG2|MTHFR|FCGR3A|IDH1|GNA11|FCGR2B|FCGR2C|PLAU|FCGR2A|MTOR|MSH6|VEGFC|VEGFB|ATRX|FKBP1A|ADK|SHMT1|KRAS|ARMS2|TP53|GNAQ|E2F1|ESR1|CXCL8|MPL|G6PD|C1QC|NOTCH1|C1QA|STK11|PTEN|MAOA|FCGR3B|BRAF|BAX|PBRM1|VEGFA|BAP1|SLC19A1|MMP2|MET
ESCA,KEYTRUDA|RAMUCIRUMAB|OPDIVO|TRASTUZUMAB,ERBB2|PDGFRA|BIRC5|FCGR3A|FCGR3B|AKT2|FCGR1A|MET|PIK3CA|PGR|KDR|ANXA1|ERBB3|IFNG|EGFR|FCGR2B|FCGR2C|FCGR2A|C1R|HGF|EPCAM|KRAS|ESR1|ARID1A|C1QC|C1QB|C1QA|PTEN|BRAF|C1S|APC
GBM,MVASI|AVASTIN|AFINITOR DISPERZ|GLIADEL WAFER|PROCARBAZINE|TEMODAR|CARMUSTINE|AFINITOR|TEMOZOLOMIDE|EVEROLIMUS|CARMUSTINE IMPLANT|BICNU|BEVACIZUMAB|LOMUSTINE,BRCA1|GSR|SYNE1|STMN4|THBS2|HRAS|ATM|EGFR|PRL|RET|C1QB|CTNNB1|VHL|AKT2|AKT3|COL18A1|CSF2|FCGR1A|MMP9|MGMT|KIT|TSC2|HTRA1|TSC1|H2AFX|C1R|DPYD|PIK3CA|ATR|NRAS|RB1|CXCR2|AKT1|NF2|NF1|ANXA11|MYC|GGH|ERBB2|FLCN|BRCA2|STAG2|MTHFR|FCGR3A|IDH1|GNA11|FCGR2B|FCGR2C|PLAU|FCGR2A|MTOR|MSH6|VEGFC|VEGFB|ATRX|FKBP1A|ADK|SHMT1|KRAS|ARMS2|TP53|GNAQ|E2F1|ESR1|CXCL8|MPL|G6PD|C1QC|NOTCH1|C1QA|STK11|PTEN|MAOA|FCGR3B|BRAF|BAX|PBRM1|VEGFA|BAP1|SLC19A1|MMP2|MET
LIHC,PEMIGATINIB|CYRAMZA|REGORAFENIB|ATEZOLIZUMAB|CABOMETYX|KEYTRUDA|BEVACIZUMAB|STIVARGA|CABOZANTINIB-S-MALATE|LENVIMA|PEMBROLIZUMAB|AVASTIN|TECENTRIQ|SORAFENIB TOSYLATE|FLOXURIDINE|RAMUCIRUMAB|NIVOLUMAB|NEXAVAR|OPDIVO|PEMAZYRE|LENVATINIB MESYLATE,PDGFRB|PDGFRA|NRAS|HRAS|MSH3|FCGR3A|EPHA2|RET|FCGR3B|PTEN|VHL|POLE|COL18A1|MAPK11|FCGR1A|BCL2|ABL1|FLT4|RAF1|HTRA1|FLT1|JAK3|HLA-DRA|TEK|MLH1|DPYD|PIK3CA|DNMT1|THBS2|NTRK1|ARAF|FLT3|CXCR2|JAK2|NF2|NF1|JAK1|ANXA11|MSH2|TYMS|FGFR1|GGH|KDR|FBXW7|ERBB2|CTLA4|CD274|APC|MTHFR|EGFR|IDH1|FCGR2B|FCGR2C|FCGR2A|FRK|CX3CL1|ENO2|VEGFA|MSH6|VEGFC|VEGFB|PMS2|B2M|FGFR2|SHMT1|KRAS|ARMS2|TP53|ALK|DDR2|CXCL8|C1QC|C1QB|C1QA|KIT|MET|FAS|BRAF|MMP9|C1R|PDCD1|MMP2|SLC19A1
UCS,HYDROXYPROGESTERONE CAPROATE|DACTINOMYCIN|VINBLASTINE|METHOTREXATE SODIUM|LENVIMA|PEMBROLIZUMAB|MEGESTROL ACETATE|KEYTRUDA|METHOTREXATE|VINBLASTINE SULFATE|LENVATINIB MESYLATE,SALL3|PCSK6|FBXO15|DUSP28|B2M|CD226|RB1|BDNF|S100A12|GPR35|C18orf63|TAT|PPP1R7|ASB1|TUBA3E|TUBA3D|CCDC102B|PIK3CB|NTRK1|ANKMY1|NDUFA10|ZNF236|FAM132B|JAK2|MYC|SCLY|CDH7|DDIT3|IDH2|ALOX5|RAMP1|CLCN6|PASK|FAM69C|BGLAP|KLK3|COIL|PMS2|SMIM21|CNDP1|CNDP2|KRAS|ATIC|RBM44|CCND1|ZNF516|CSF1|CSF2|KIT|PTEN|GALR1|GRB2|TUBB4B|NETO1|SULT2A1|TUBE1|SLC19A1|CDKN1B|CDKN1A|ANO7|SNED1|CRTC3|ZADH2|AC110619.2|ARID4B|RP11-162A12.2|UBE2F-SCLY|RP11-861L17.3|TUBB8|NR1I2|TUBA1C|TUBA1B|TUBA1A|CEL|JUN|RP11-94B19.4|STK25|RP11-321M21.3|TNFRSF8|NF1|JAK1|TUBD1|TRAF3IP1|FLT1|RP11-723G8.2|PRR21|TOP2A|DSEL|TRH|FARP2|KLHL30|TUBB6|TSHZ1|TUBB3|ESPNL|BLM|TUBB1|TUBB2A|TUBB2B|IL1RN|TP53|CD274|ATP9B|TUBB|UBE2F|TIMM21|OTOS|HES6|HDAC4|CBLN2|AC062017.1|RNPEPL1|CD5|POLE|RP11-41O4.1|FH|FLT4|GLS|FLT3|KCNA1|CGA|AFP|TPM3|NR2F2|CDH19|ICAM3|S100A8|TFPI|KIF1A|MSH2|FANCI|PDCD1|TBXA2R|NTF3|MTHFR|HDLBP|RTTN|BAX|GTSCR1|ADA|LINC00908|TNFRSF1B|IL2RA|ALK|GSTM1|AGXT|IL15|CAPN10|PGR|IL2|C2orf54|ZNF407|SLAMF1|RP11-17M16.1|DHFR|BIRC5|MSH3|EGFR|MSH6|FCGR3B|SLCO1B1|AC016757.3|AC104809.3|OR6B2|OR6B3|HLA-DRA|AC079612.1|TWIST2|NRAS|PTHLH|MLH1|ABCB1|DOK6|AQP12B|AQP12A|ABCB4|NRG1|SEPT2|MBP|LRRFIP1|FOLH1|NR3C1|HSPB2|MTR|RP11-169F17.1|GPC1|SOCS6|ILKAP|TMX3|HGF|TUBA4A|CYB5A|MTERFD2|E2F1|PER2|NOTCH1|TUBG1|TYMS|AC093802.1|KDR|MYEOV2|BRAF|ABCC4|MMP2
HNSC,CETUXIMAB|KEYTRUDA|TREXALL|HYDREA|TAXOTERE|PEMBROLIZUMAB|NIVOLUMAB|HYDROXYUREA|METHOTREXATE|ERBITUX|OPDIVO|DOCETAXEL|BLEOMYCIN SULFATE,SALL3|STK11|FBXO15|DUSP28|AKT1|B2M|CD226|RB1|FCGR1A|BDNF|S100A12|GPR35|EGF|C18orf63|TAT|PPP1R7|SMIM21|CCDC102B|PIK3CA|DNMT1|NTRK1|SMAD4|NDUFA10|PTP4A3|ZNF236|FAM132B|RRM2B|SCLY|CDH7|ERBB2|ERBB3|AC016757.3|AQP12A|ERBB4|ALOX5|RAMP1|AC062017.1|FAM69C|PER2|KLK3|RPL13|BRD4|MUC16|CYP3A4|CYP3A5|FGFR2|CNDP1|CNDP2|KRAS|ATIC|RBM44|CCND1|CXCL8|C1QC|C1QB|C1QA|KIT|PTEN|GALR1|NETO1|SULT2A1|SLC19A1|DSEL|CDKN1B|HRAS|ANO7|SNED1|ZADH2|XRCC1|AC110619.2|ARID4B|ATP7A|XRCC4|RP11-162A12.2|UBE2F-SCLY|RP11-861L17.3|NR1I2|PASK|NT5E|VPS37A|STK25|RP11-321M21.3|JAK2|NF2|JAK1|TRAF3IP1|RP11-723G8.2|PRR21|IGF2|FARP2|KLHL30|SULT1C4|TSHZ1|TUBB3|TUBB1|BLM|PPARD|ASB1|EIF4E|CHST3|ESPNL|AFP|C2orf54|IL1RN|TP53|DNTT|GPC1|CD274|ATP9B|TUBB|UBE2F|TIMM21|OTOS|AREG|HES6|GAS6|EPHX1|PMS2|HDAC4|TLE3|CBLN2|CYP4B1|RET|RNPEPL1|POLE|RP11-41O4.1|FH|GLS|FLT3|KCNA1|SLC10A2|ANKMY1|RTTN|TPM3|CDH19|ICAM3|S100A8|LRRFIP1|KIF1A|AC093802.1|DUSP1|MSH2|KDR|FBXW7|MSH3|MTHFR|EGFR|HDLBP|MSH6|GTSCR1|ADA|LINC00908|CP|TJP2|SLCO1B1|ALK|GSTM1|AGXT|MAP2K1|CAPN10|MET|IL2|EREG|ZNF407|PDCD1|SLAMF1|RRM2|RP11-17M16.1|RRM1|SPG7|DHFR|BIRC5|PRDX4|FCGR3A|BAX|FCGR3B|MAP2|SLCO1B3|ZNF516|MCL1|MAP4|XRCC3|OR6B2|OR6B3|HLA-DRA|AC104809.3|DPYD|AC079612.1|TWIST2|NRAS|MLH1|SNORD68|ABCB1|DOK6|AQP12B|PGP|NAT2|NRG1|SEPT2|MBP|FOLH1|NR3C1|HSPB2|RP11-94B19.4|RP11-169F17.1|FCGR2B|FCGR2C|ABL1|FCGR2A|ABCC4|SOCS6|ILKAP|CYP2A6|TMX3|HGF|CYB5A|MTERFD2|E2F1|PTH|NOTCH1|TYMS|GSTP1|MYEOV2|BRAF|MAPT|C1S|C1R|ABCC6|BCL2
UCEC,HYDROXYPROGESTERONE CAPROATE|DACTINOMYCIN|VINBLASTINE|METHOTREXATE SODIUM|LENVIMA|PEMBROLIZUMAB|MEGESTROL ACETATE|KEYTRUDA|METHOTREXATE|VINBLASTINE SULFATE|LENVATINIB MESYLATE,SALL3|PCSK6|FBXO15|DUSP28|B2M|CD226|RB1|BDNF|S100A12|GPR35|C18orf63|TAT|PPP1R7|ASB1|TUBA3E|TUBA3D|CCDC102B|PIK3CB|NTRK1|ANKMY1|NDUFA10|ZNF236|FAM132B|JAK2|MYC|SCLY|CDH7|DDIT3|IDH2|ALOX5|RAMP1|CLCN6|PASK|FAM69C|BGLAP|KLK3|COIL|PMS2|SMIM21|CNDP1|CNDP2|KRAS|ATIC|RBM44|CCND1|ZNF516|CSF1|CSF2|KIT|PTEN|GALR1|GRB2|TUBB4B|NETO1|SULT2A1|TUBE1|SLC19A1|CDKN1B|CDKN1A|ANO7|SNED1|CRTC3|ZADH2|AC110619.2|ARID4B|RP11-162A12.2|UBE2F-SCLY|RP11-861L17.3|TUBB8|NR1I2|TUBA1C|TUBA1B|TUBA1A|CEL|JUN|RP11-94B19.4|STK25|RP11-321M21.3|TNFRSF8|NF1|JAK1|TUBD1|TRAF3IP1|FLT1|RP11-723G8.2|PRR21|TOP2A|DSEL|TRH|FARP2|KLHL30|TUBB6|TSHZ1|TUBB3|ESPNL|BLM|TUBB1|TUBB2A|TUBB2B|IL1RN|TP53|CD274|ATP9B|TUBB|UBE2F|TIMM21|OTOS|HES6|HDAC4|CBLN2|AC062017.1|RNPEPL1|CD5|POLE|RP11-41O4.1|FH|FLT4|GLS|FLT3|KCNA1|CGA|AFP|TPM3|NR2F2|CDH19|ICAM3|S100A8|TFPI|KIF1A|MSH2|FANCI|PDCD1|TBXA2R|NTF3|MTHFR|HDLBP|RTTN|BAX|GTSCR1|ADA|LINC00908|TNFRSF1B|IL2RA|ALK|GSTM1|AGXT|IL15|CAPN10|PGR|IL2|C2orf54|ZNF407|SLAMF1|RP11-17M16.1|DHFR|BIRC5|MSH3|EGFR|MSH6|FCGR3B|SLCO1B1|AC016757.3|AC104809.3|OR6B2|OR6B3|HLA-DRA|AC079612.1|TWIST2|NRAS|PTHLH|MLH1|ABCB1|DOK6|AQP12B|AQP12A|ABCB4|NRG1|SEPT2|MBP|LRRFIP1|FOLH1|NR3C1|HSPB2|MTR|RP11-169F17.1|GPC1|SOCS6|ILKAP|TMX3|HGF|TUBA4A|CYB5A|MTERFD2|E2F1|PER2|NOTCH1|TUBG1|TYMS|AC093802.1|KDR|MYEOV2|BRAF|ABCC4|MMP2
CESC,PEMBROLIZUMAB|MVASI|AVASTIN|KEYTRUDA|BEVACIZUMAB|TOPOTECAN|TOPOTECAN HYDROCHLORIDE|BLEOMYCIN SULFATE|HYCAMTIN,NRAS|HRAS|MSH3|FCGR3A|MSH2|FCGR3B|VHL|POLE|COL18A1|RB1|FCGR1A|ATRX|BDNF|HTRA1|HLA-DRA|TYMS|DPYD|PIK3CA|THBS2|MLH1|CXCR2|JAK2|NF2|NF1|JAK1|ANXA11|GGH|TOP1|PDCD1|ERBB2|PTEN|MTHFR|EGFR|IDH1|TOP1MT|FCGR2B|FCGR2C|FCGR2A|VEGFA|MSH6|VEGFC|VEGFB|MUC16|PMS2|B2M|SHMT1|KRAS|ARMS2|TP53|ALK|CXCL8|C1QC|C1QB|C1QA|KIT|MET|BRAF|MMP9|C1R|CD274|MMP2|SLC19A1
SKCM,SONIDEGIB|FLUOROURACIL--TOPICAL|COBIMETINIB|VINBLASTINE SULFATE|ERIVEDGE|VISMODEGIB|PACLITAXEL|VORINOSTAT|TRAMETINIB|ODOMZO|ALDARA|COBIMETINIB FUMARATE|DACARBAZINE|DABRAFENIB MESYLATE|VEMURAFENIB|1218778-77-8|ERISMODEGIB|DABRAFENIB|1187431-43-1|5-FU|VINBLASTINE|EFUDEX|ALITRETINOIN|IMIQUIMOD|AVELUMAB,PDE4DIP|LIF|CRKL|STK11|PCSK6|HDAC3|PTHLH|AKT1|ARAF|TNRC6B|HIPK4|BDNF|PI4KB|RARA|RARB|TUBA3E|TUBA3D|RARG|BRCA1|PIK3CA|LRP1B|SYNE1|PIK3CG|SMAD4|PHC1|EPHA6|PRKG1|MYC|MYB|ERBB2|DDIT3|TPO|IDH2|KLK3|MGMT|CYP3A4|CYP3A5|FGFR2|FGFR3|TBXA2R|KRAS|SMO|SYK|CXCL8|DDX43|ROBO2|STAG2|CSF2|KIT|PTEN|TLR7|TUBB4B|HDAC11|HDAC10|TLR8|TUBE1|BRCA2|STMN1|VKORC1|CDKN1A|DCLK2|ABL1|CRTC3|EDNRB|NEK11|NPRL2|MYCN|TCF3|NR1I2|TUBA1C|TUBA1B|TUBA1A|JUN|MKL1|EPHA7|TIAM1|CTNNB1|JAK2|NFE2|NF1|TUBD1|TRPM6|MYD88|TOP2A|TRH|EPHB1|TUBB8|FOS|TUBB6|STAG3|TUBB3|HDAC9|TUBB1|BLM|MAP2K3|RHOH|HRAS|ATXN1L|PLAT|TUBB2A|ING1|TUBB2B|ETV1|TP53|GNAQ|RPS6KA6|CD274|G6PD|NYNRIN|TUBB|EIF4EBP1|HDAC1|PDGFRB|PDGFRA|HDAC2|HDAC5|HDAC4|HDAC7|HDAC6|TLE3|HDAC8|ATM|SRGAP3|TIGD1|AKAP12|SACS|FH|WDHD1|RAF1|NCOA3|CYP1B1|BTG1|CGA|CSF1R|NR2F2|SPARC|FASN|NBN|TBX18|PDCD4|DUSP6|ERCC2|FANCI|FBXW7|SRC|MTHFR|NAT2|RXRG|RXRA|RXRB|ETV5|ADK|ETV4|IL2RA|ITK|MAP2K2|IFNA1|MET|CDK2|EZH2|FGFR1|CIC|POLA2|MAP4|MAP2K5|ACVR2A|KALRN|BIRC5|LIMK1|EGFR|BAX|PTCH1|MAP2|VHL|MAP2K1|CDKN2A|MAP2K7|MAP2K6|RRM1|MAP2K4|MITF|DSCAM|ARID4B|TEAD4|PGD|SIK1|NRAS|CDK17|RB1|ETS2|ABCB1|AURKA|PGP|ABCB4|NRG1|C15orf2|EPM2AIP1|ULK2|PRKCH|SMARCB1|RAC1|PLAU|FCGR2A|MCM3|SUFU|TUBA4A|NPM1|ABCC10|EIF4E2|CASP3|E2F1|NOTCH1|NOTCH2|TUBG1|SOX10|GSTP1|BRAF|MAPT|GNA11|BAP1|ABCC3|MMP2|BCL2
PAAD,AFINITOR|MITOMYCIN|STREPTOZOCIN|LANREOTIDE|IRINOTECAN HYDROCHLORIDE LIPOSOME|LYNPARZA|ERLOTINIB HYDROCHLORIDE|EVEROLIMUS|GEMCITABINE|SUNITINIB|SUNITINIB MALATE|TARCEVA|GEMZAR|SUTENT|GEMCITABINE HYDROCHLORIDE|MITOMYCIN C|ONIVYDE|ABRAXANE|5-FU|OLAPARIB|PACLITAXEL ALBUMIN-STABILIZED NANOPARTICLE FORMULATION|FLUOROURACIL INJECTION,TGM2|SFTPB|PDGFRB|STK11|AKT1|AKT2|AKT3|LGALS2|MS4A2|ENOSF1|TAT|CBLC|PTGER4|PIK3CA|BCL11A|NTRK1|ADK|CDKN2A|IRAK2|RRM2B|WEE1|FGFR1|TRPV1|BRCA1|FLCN|CIP2A|BRCA2|AURKB|IDH2|IDH1|U2AF1|CTSD|RAMP3|BGLAP|PER1|FGFR2|ROR2|KRAS|SLC2A5|SLC2A4|SLC2A2|CSF2|KIT|PTEN|XRN1|FKBP1A|PKHD1|TOP2A|EPHA4|EDN1|CDKN1B|HRAS|TRAF2|HIF1A|PDGFC|DCP1B|SLC29A1|XRCC1|BAZ2B|CA9|CYP2D6|ASXL1|TSC2|PPARGC1A|XDH|MT1H|NF2|NF1|MGEA5|FLT1|CHEK2|THRSP|CHEK1|PDGFB|FOS|STAG2|WWOX|AC064874.1|PARP1|PARP2|PARP3|IGFBP1|PALB2|TP53|GNAQ|ESR1|SST|MPL|HMOX1|CBL|PCDH15|VWF|KRT18|ACP5|PDGFRA|HDAC2|HDAC4|MKI67|SMAD4|CSF1R|ATM|RET|CAMK4|POLE|MAPK10|ADCYAP1|TRIP11|IL1A|FLT4|ABL2|KCNA2|FLT3|TSC1|PRAME|CACNB2|TMEM200A|SSTR3|POLD1|FANCC|FANCA|HP|KDR|SRC|IL17F|GALP|ACACB|MTHFR|EGFR|HDLBP|ATR|CGB5|SULT1A2|AGAP1|ENO2|MTOR|UNC13C|LTK|ATRX|PRB2|MYC|CSNK1A1|CDA|SLC5A1|SSTR1|MET|SI|SSTR2|SSTR5|MYO9B|PBRM1|PREP|RIPK4|TGFB1|POLA1|DHFR|KALRN|MSH2|LCAT|PRKAA1|CTNNB1|VHL|LATS1|DDIT3|RRM2|RRM1|S100B|UBASH3B|DPYD|PTPRF|CDK12|CMPK1|MLLT6|NRAS|RB1|ABCB1|TH|ABCB4|NRG1|LDHA|DAPK1|PTPRB|PDGFA|KCNJ11|TET2|PDGFD|CD40|HGF|UCP1|CYP7B1|DLL1|ERBB2|SLC16A3|BTRC|NOTCH1|NOTCH3|TYMS|PTPRC|BRAF|GNA11|BAP1|ATF2|MMP2|BCL2
LUSC,CYRAMZA|IRESSA|AVASTIN|TARCEVA|OSIMERTINIB MESYLATE|AFINITOR|ALECTINIB HYDROCHLORIDE|PORTRAZZA|SELPERCATINIB|VINORELBINE|TOPOTECAN HYDROCHLORIDE|PORFIMER|METHOTREXATE SODIUM|ENTRECTINIB|IPILIMUMAB|CERITINIB|IMFINZI|GILOTRIF|TAFINLAR|ALIMTA|ERLOTINIB HYDROCHLORIDE|XALKORI|EVEROLIMUS|ALECENSA|GEMCITABINE|MEKINIST|PACLITAXEL|TAXOTERE|TRAMETINIB|CARBOPLATIN|PARAPLAT|AFINITOR DISPERZ|DOCETAXEL|DABRAFENIB MESYLATE|OPDIVO|TAGRISSO|BEVACIZUMAB|PACLITAXEL ALBUMIN-STABILIZED NANOPARTICLE FORMULATION|YERVOY|BRIGATINIB|GEMZAR|MUSTARGEN|TREXALL|VIZIMPRO|VINORELBINE TARTRATE|ALUNBRIG|GEMCITABINE HYDROCHLORIDE|TOPOTECAN|DACOMITINIB|ROZLYTREK|TECENTRIQ|LORBRENA|METHOTREXATE|PEMETREXED|PEMETREXED DISODIUM|ATEZOLIZUMAB|ABRAXANE|PEMBROLIZUMAB|MVASI|DOXORUBICIN HYDROCHLORIDE|PARAPLATIN|LORLATINIB|RETEVMO|RAMUCIRUMAB|MECHLORETHAMINE HYDROCHLORIDE|GEFITINIB|AFATINIB|CAPMATINIB HYDROCHLORIDE|DURVALUMAB|NIVOLUMAB|CRIZOTINIB|KEYTRUDA|TABRECTA|ZYKADIA|AFATINIB DIMALEATE|NECITUMUMAB|ALECTINIB|ERLOTINIB,ERRFI1|CRKL|STK10|STK11|MOCS3|B2M|CD226|LIFR|TAT|SMG1|PIK3CA|CAMK4|PIK3CG|RNF114|ZC3H15|WEE1|SCLY|IGF1R|XPC|MUC16|CYP3A4|CYP3A5|GATA2|CNDP1|CNDP2|DUSP28|CCND1|TUBB4B|DDX43|PTEN|STK38L|CDKN1B|CDKN1A|ALDH3A1|HSP90B1|EDNRB|SNORD68|RP11-162A12.2|SOX10|RP11-321M21.3|JAK2|NF2|NF1|TTL|CX3CL1|ZNF516|JAK1|DSEL|DST|NCAPD3|PPARD|VEGFA|VEGFC|VEGFB|GART|RTTN|FSIP2|BNIP3|TNK2|RPS6KA3|RPS6KA6|CBL|FLNC|HES6|TLE3|RET|PRKDC|SMO|XIAP|EML4|FH|GLS|TSC2|HTRA1|TSC1|CIITA|SPARC|S100A8|ITGAV|GGH|IL17F|GSG2|RXRA|LDLR|LTK|UBE2V1|IL2RA|ALK|SLCO1B3|TP73|PBRM1|BRCA1|MYC|MAP2K5|ERBB3|DHFR|EGFR|BAX|CTNNB1|OR6B2|OR6B3|HLA-DRA|DPYD|CDK12|TWIST2|RNPEPL1|CXCR2|HNF1A|PGP|FOLH1|NOS3|AC110619.2|RP11-169F17.1|HGF|TRIP11|TRIP13|MTERFD2|EIF4E2|E2F1|BTRC|CYB5A|PPP3CB|LIF|KIAA1549|STYK1|ARAF|FCGR1A|EGF|PIK3C3|TUBA3E|TUBA3D|FGFR3|NDUFA10|ZNF236|CDH1|FGFR1|CDH7|CDKN2A|RAMP1|SCD5|FAM69C|KLK3|TPR|SNAI1|C1QC|C1QB|CSF2|NETO1|APC|ADNP|CCL4|KCNG1|COPS5|TGM2|TRIB1|SLC29A1|HSPB2|ATP7A|ATP7B|RP11-861L17.3|CYP2D6|NEK1|STK25|EMP1|CEACAM5|TRAF3IP1|TNKS2|PRR21|IGF2|FARP2|IGFBP5|TUBB2A|TUBB2B|STK32A|TUBB|TOP1|CLK1|CLK3|GAS6|EPHX1|PDGFRA|HDAC4|PI4KA|TPM3|ATM|CYP4B1|TIGD1|ATR|RP11-41O4.1|FANCD2|FLT3|AREG|CYP1B1|POLD1|MYH9|TMEM200A|CDKL2|FANCG|FANCC|AC104809.3|FASN|FBXW7|ACVR2A|ANO7|RALGDS|MTMR11|NUDT10|MTOR|GTSCR1|LINC00908|EP300|MAPK8|FAM65C|KIF1A|PIP5K1B|CDK2|SLAMF1|POLA1|TGFB3|PTK7|ERCC2|PRDX4|ARMS2|MSH6|MCL1|HIP1|BAZ2B|CEBPB|CEBPA|AXIN1|RGL1|MAP2|RB1|ETS2|ABCB1|AURKA|SULT2A1|PRKCH|TOP1MT|FCGR2B|FCGR2C|FCGR2A|SKIL|TNFRSF11B|TUBA4A|BAI1|NOTCH1|NOTCH3|TYMS|GSTP1|MYEOV2|MMP9|BCL2|MMP2|FES|TSSK1B|PMAIP1|AGER|FBXO15|GPR35|PPP1R7|LDHA|PARD6B|CBFA2T3|JAK3|ERBB2|FLCN|CIP2A|BRCA2|SHC1|ERBB4|TRIM24|IDH1|WNK1|CLCN6|PASK|PER2|PER1|RPL13|BRD4|PATZ1|FGFR4|FGFR2|ROR2|SHMT1|LRRFIP1|ATIC|RBM44|ZFYVE9|SYK|CXCL8|KIT|SPEN|GALR1|FOXA2|FKBP1A|HRAS|MED24|XRCC1|XRCC3|XRCC4|SEPT3|SEPT2|UBE2F-SCLY|FOS|SLC9A8|ROS1|RRM2B|NFE2|ANXA11|CHEK1|CTLA4|TUBB8|SULT1C4|TUBB6|TSHZ1|TUBB3|TUBB1|ASB1|PTPN1|ESPNL|TP53|GNAQ|ESR1|DDR2|CD274|UBE2F|EIF4EBP1|STK38|TIE1|RP11-17M16.1|AC062017.1|NTRK1|SNED1|BCAS4|NTRK3|CHST3|KCNA1|STAT6|ATXN1L|ANKMY1|CBLN2|ICAM3|AC093802.1|MSH2|DPM1|SRC|MSH3|TSSK2|ACACB|MAST2|SALL3|ATRX|LYN|CDA|SGK1|VHL|GSTM1|GNAS|AGXT|CAPN10|IL2|C2orf54|ZNF407|C18orf63|TMPO|MAP4K5|CAMK1G|CDH19|BIRC5|FCGR3A|FCGR3B|SLCO1B1|MAP2K2|FOXO1|AC016757.3|MAP2K7|MAP2K6|MAP4|MAP2K4|ALDH1A1|MLLT4|SMARCA4|NIPBL|HNRNPA2B1|NRG1|MBP|ALOX5|MALT1|SMARCB1|COL18A1|HSPB8|MCM4|ILKAP|CYP2A6|OTOS|CASP3|INSR|BCL9|MAPT|ABCC4|C1R|ABCC6|AC079612.1|ABCC3|FAM132B|AKT1|AKT2|AKT3|ATP9B|NIM1|BDNF|S100A12|MS4A2|ENOSF1|CCDC102B|GRK5|YWHAH|NTRK2|GRK1|SMAD4|ARHGAP29|MYB|BLNK|DDIT3|P4HB|SERPINB1|PMS2|SMIM21|UBR5|KRAS|SOCS6|ROBO2|GSK3A|POLE|ZADH2|GSK3B|NR1I2|TMEM189-UBE2V1|TLR9|KDM5A|SLC19A1|STMN1|HLA-A|DCLK1|FMN2|DCP1B|ARID4B|MAPKAPK3|MAPKAPK2|CHD1|TUBA1C|TUBA1B|TUBA1A|THBS2|AFP|ETV5|TMEM189|RP11-723G8.2|TOP2A|ACVRL1|KLHL30|SLC10A2|STAG2|MAP2K3|PKHD1|ITPR1|FGF2|PBK|ETV1|IL1RN|ABCG2|TLK1|ETV4|ETV6|MPL|G6PD|NUP153|UNC79|MATK|MAP2K1|SACS|ABL1|ABL2|CACNB2|MAPK3|MAPK1|KDM6A|PDCD4|DUSP6|PDCD1|MTHFR|HDLBP|FER|UNC13C|ADA|PRB2|CRNKL1|KRT20|MET|KDR|WWOX|TIMM21|CIC|SPG7|BCL11A|LATS2|LATS1|RRM2|RRM1|DSCAM|UBASH3B|TXK|PTPRF|CMPK1|TAL2|NRAS|GCLC|MLH1|DOK6|AQP12B|AQP12A|NAT2|C1QA|DAPK1|ULK2|NR3C1|RP11-94B19.4|GNA11|PLAU|GPC1|TMX3|JARID2|NPM1|ABCC10|TAB2|CHD9|GRIN2A|BRAF|CHD8|SPATA2|BAP1|ATF1
KIRC,AVASTIN|AFINITOR|IL-2|SORAFENIB|INTERLEUKIN-2|PROLEUKIN|NEXAVAR|EVEROLIMUS|PAZOPANIB HYDROCHLORIDE|KEYTRUDA|IPILIMUMAB|SUNITINIB|SUNITINIB MALATE|AFINITOR DISPERZ|OPDIVO|BAVENCIO|TEMSIROLIMUS|YERVOY|RELATED RESOURCES|TORISEL|BEVACIZUMAB|AXITINIB|PEMBROLIZUMAB|MITOMYCIN|PAZOPANIB|ALDESLEUKIN|JELMYTO|SUTENT|MVASI|CABOMETYX|CABOZANTINIB-S-MALATE|LENVIMA|NIVOLUMAB|SORAFENIB TOSYLATE|VOTRIENT|INLYTA|AVELUMAB|LENVATINIB MESYLATE,STK11|PLK4|AKT1|AKT2|AKT3|ARAF|MLH1|FCGR1A|PMS2|B2M|PIK3CA|PHC1|FGFR1|BRCA1|FLCN|BRCA2|IL2RA|IDH1|KRAS|FGFR2|FGFR3|SHMT1|ITK|CXCL8|C1QC|C1QB|C1QA|KIT|PTEN|XRN1|FKBP1A|SLC19A1|HLA-B|HRAS|HIF1A|CSF1|ASXL1|RAF1|CCNE1|THBS2|FLT3|JAK2|NF2|NF1|JAK1|ANXA11|TSC1|CTLA4|ERP27|VEGFA|VEGFC|VEGFB|FGF3|FGF1|TP53|GNAQ|ESR1|DDR2|CD274|MPL|HMOX1|LCK|PDGFRB|PDGFRA|MKI67|ATM|RET|POLE|ABL1|FLT4|TSC2|HTRA1|FLT1|CSF1R|GGH|KDR|FBXW7|ACVR2A|MTHFR|FCGR3A|MTOR|SH2B3|ARMS2|IL2RB|ALK|IL2RG|MET|PBRM1|CDK8|PDCD1|ERBB2|MSH2|MSH3|EGFR|MSH6|FCGR3B|CTNNB1|VHL|UGT1A1|HLA-DRA|CDK19|DPYD|NRAS|RB1|CXCR2|PGR|AURKB|PTPRB|PDGFA|PDGFB|PDGFC|PDGFD|COL18A1|GNA11|FCGR2B|FCGR2C|FCGR2A|CA9|NOTCH1|U2AF1|BRAF|MMP9|C1R|BAP1|MMP2
BRCA,"EXEMESTANE|FEMARA|ERIBULIN|ADO-TRASTUZUMAB EMTANSINE|EPIRUBICIN|LYNPARZA|IBRANCE|TRASTUZUMAB AND HYALURONIDASE-OYSK|ATEZOLIZUMAB|TAXOTERE|METHOTREXATE SODIUM|PERJETA|PHESGO|ZOLADEX|TALZENNA|KISQALI|KADCYLA|METHOTREXATE|ELLENCE|TAMOXIFEN CITRATE|TUKYSA|ABRAXANE|VINBLASTINE|NERATINIB MALEATE|FARESTON|PIQRAY|VERZENIO|AFINITOR|HERCEPTIN|TOREMIFENE|ANASTROZOLE|PACLITAXEL|TAMOXIFEN|AFINITOR DISPERZ|AREDIA|GOSERELIN ACETATE|TREXALL|PERTUZUMAB|MEGESTROL ACETATE|ENHERTU|SACITUZUMAB GOVITECAN-HZIY|5-FU|OLAPARIB|PALBOCICLIB|THIOTEPA|LAPATINIB DITOSYLATE|AROMASIN|PACLITAXEL ALBUMIN-STABILIZED NANOPARTICLE FORMULATION|TALAZOPARIB TOSYLATE|RUCAPARIB (CAMSYLATE)|IXEMPRA|HERCEPTIN HYLECTA|FAM-TRASTUZUMAB DERUXTECAN-NXKI|ALPELISIB|ARIMIDEX|MITOXANTRONE|EPIRUBICIN HYDROCHLORIDE|FULVESTRANT|GEMZAR|XELODA|GEMCITABINE HYDROCHLORIDE|RUCAPARIB|TECENTRIQ|TUCATINIB|IXABEPILONE|PAMIDRONATE DISODIUM|RIBOCICLIB|NERLYNX|VINBLASTINE SULFATE|EVEROLIMUS|FASLODEX|TOREMIFENE CITRATE|ABEMACICLIB|TRODELVY|HALAVEN|DOCETAXEL|CAPECITABINE|ERIBULIN MESYLATE|LAPATINIB|CYCLOPHOSPHAMIDE|MITOXANTRONE HYDROCHLORIDE|MELPHALAN|DOXORUBICIN HYDROCHLORIDE|LETROZOLE|PERTUZUMAB, TRASTUZUMAB, AND HYALURONIDASE-ZZXF|NERATINIB|RIBOCICLIB SUCCINATE|TRASTUZUMAB|FLUOROURACIL INJECTION|TYKERB",STK11|PCSK6|DUSP28|CD226|SLC50A1|TAT|PIK3CA|PIK3CB|PIK3CD|PIK3CG|IRAK2|SCLY|CBLC|IL2RA|IFNG|CAMKV|PIK3C2B|PIK3C2A|PIK3C2G|MUC16|CYP3A4|CYP3A5|CNDP1|CNDP2|F5|POU2AF1|CD3EAP|TUBB4B|CCND3|CCND2|PTEN|TUBE1|DSTYK|CDKN1B|CDKN1A|ALDH3A1|EDNRB|SNORD68|RP11-162A12.2|RP11-321M21.3|JAK2|NF2|NF1|ZNF516|DSEL|ALPK2|DST|BLM|PPARD|CHST3|RTTN|LRMDA|PSIP1|CSNK1A1|TOP1|ITGAL|DCST2|HES6|SMAD4|RET|ITPR2|XIAP|TAF15|FH|GLS|TSC2|TSC1|NCOA3|NCOA1|PRAME|AFP|CKS1B|NR2F2|SPARC|S100A8|TFPI|NAT2|LTK|SRPK2|CYP2C9|SLCO1B1|F2|ALK|MAP2K1|KRTCAP2|PBRM1|ERBB2|TOP2B|MAP2K5|FLCN|DHFR|FLAD1|EGFR|BAX|CTNNB1|OR6B2|OR6B3|HLA-DRA|MYOD1|DPYD|CDK12|TWIST2|CXCR2|PGR|PGP|FOLH1|NOS1|ITGB2|AC110619.2|RP11-169F17.1|HGF|MTERFD2|EIF4E2|E2F1|BNC2|PRCC|HEXB|CYB5A|PPP1R13L|LIF|NQO2|NQO1|FCGR1A|PIK3C3|TUBA3E|TUBA3D|ADAMTS2|SIX4|ROR2|NDUFA10|CDH1|CXCR7|CDH7|CDKN2B|AC093802.1|HLA-DRB1|RAMP1|FAM69C|KLK3|ARID1A|C1QC|C1QB|C1QA|CCND1|NETO1|APC|ACTB|FOXP3|NOS3|CNTN5|SMARCB1|ATP7A|MYCN|RP11-861L17.3|CYP2D6|CCNE1|COL18A1|STK25|ITK|TUBD1|TRAF3IP1|PRR21|IGF2|FARP2|TUBB2A|TUBB2B|TUBB|PCDH15|GAS6|EPHX1|PDGFRA|HDAC2|HDAC4|ZNF236|ATM|CYP4B1|TIGD1|ATR|RP11-41O4.1|FLT3|CYP1B1|POLD1|PSEN1|TPM3|RP11-201K10.3|FANCC|AC104809.3|FANCA|LRRFIP1|FANCI|FBXW7|NTF3|TET2|MED24|DLL1|MTOR|GTSCR1|LINC00908|NPAT|KIF1A|SLC22A16|IRS1|CDK2|CDK4|CDK6|SLAMF1|TGFB1|POLA1|MSH2|MSH3|MSH6|MCL1|BGLAP|AC079612.1|RB1|SERPINE1|ETS2|ABCB1|AURKA|ABCB4|SULT2A1|PRKCA|FCGR2B|FCGR2C|FCGR2A|CES1|ABCC4|CES2|TUBA4A|CTNNA2|TOPBP1|NOTCH1|PARP3|HLA-DQA1|TUBG1|TYMS|GSTP1|MYEOV2|ABCC3|MMP2|TGM2|FBXO15|GPER1|GPR35|PPP1R7|MAP3K2|DNMT1|RNPEPL1|BRDT|JAK3|BRCA1|ERBB3|BRCA2|CETP|SHC1|ERBB4|IDH2|IDH1|CLCN6|PASK|PER2|RPL13|BRD4|CTSS|FGFR2|FGFR3|FGFR1|ATIC|RBM44|PLD1|SYK|CXCL8|GALR1|FKBP1A|ALPK1|GRIA3|HRAS|RRAS2|GAPDH|CRTC3|XRCC1|XRCC3|XRCC4|SEPT2|UBE2F-SCLY|PPM1D|GLDN|FOS|JUN|PPARGC1A|RRM2B|NFE2|CX3CL1|CHEK2|CHEK1|CTLA4|TUBB8|SULT1C4|TUBB6|TSHZ1|TUBB3|PARP2|TUBB1|SFPQ|ASB1|ESPNL|TP53|GNAQ|ESR1|CD274|PALB2|CYP19A1|UBE2F|HERC2|EIF4EBP1|OTOS|AC062017.1|SNED1|KCNA1|SLC10A2|JMJD6|ANKMY1|CD80|CBLN2|ICAM3|RRM2|DPM3|ERCC2|KDR|SRC|PRDX4|ACACA|EFNA4|EFNA3|EFNA1|PIP|SALL3|ESR2|CYP1A2|RPSA|GSTM1|TNFRSF1A|AGXT|IL15|CAPN10|IL5|IL2|C2orf54|ZNF407|RIPK4|CDH19|BIRC5|FCGR3A|BIRC2|FCGR3B|MAP2|SLCO1B3|DDIT3|MAP4|UGT1A5|ALDH1A1|FAS|MLLT6|AMHR2|PTHLH|NRG1|MBP|KRT20|ANXA1|HSPB2|ZBTB7B|MTR|ILKAP|CYP2A6|WRAP53|PARP1|EPCAM|CASP3|DRD4|DRD2|EBP|DCST1|MAPT|C1S|C1R|ABCC6|ABCC1|BCL2|PTGS2|GSR|FAM132B|AKT1|AKT2|AKT3|ATP9B|BDNF|S100A12|PBXIP1|C18orf63|CCDC102B|NTRK1|TLE3|CDKN2A|SFTPA1|EDN1|MYC|MYB|AC016757.3|SOD2|ALOX5|MGMT|PMS2|SMIM21|KRAS|FDPS|SOCS6|POLE|ZADH2|NR1I2|YSK4|SLC19A1|VDR|STMN1|TRAF2|CSF2|CLTC|ARID4B|CHD1|PTH|TUBA1C|TUBA1B|TUBA1A|PIK3R6|PIK3R5|PIK3R4|PIK3R3|PIK3R2|PIK3R1|RP11-723G8.2|TOP2A|TRH|KLHL30|STAG2|TRIM46|FGF2|IL1RN|ABCG2|MPL|SIK2|HOXD13|PRKCZ|EPHA4|EPHA3|GNRHR|ABL1|CGA|CACNB2|CYP2B6|MAPK3|FASN|PDCD4|TBXA2R|PYGO2|MTHFR|HDLBP|ARFGEF1|ADA|ADK|RASGRF2|MET|PRKACG|TIMM21|RP11-17M16.1|SPG7|KALRN|TFF3|VHL|LENEP|ANO7|ADAM15|RRM1|DSCAM|OPLAH|NRAS|MLH1|DOK6|AQP12B|AQP12A|CYP2C19|LDHA|NR3C1|RP11-94B19.4|PLAT|GPC1|GGT1|TMX3|SDHC|ABCC10|PMVK|ASXL1|PTPRC|BRAF|GNA11|BAP1
COADREAD,YERVOY|AVASTIN|LONSURF|ZIV-AFLIBERCEPT|TIPIRACIL HYDROCHLORIDE|TRIFLURIDINE AND TIPIRACIL HYDROCHLORIDE|KEYTRUDA|IRINOTECAN HYDROCHLORIDE|IPILIMUMAB|VECTIBIX|IRINOTECAN|ERBITUX|OPDIVO|CAPECITABINE|PANITUMUMAB|5-FU|BEVACIZUMAB|XELODA|CAMPTOSAR|PEMBROLIZUMAB|MITOMYCIN C|TIPIRACIL|LEUCOVORIN CALCIUM|OXALIPLATIN|CYRAMZA|MVASI|CETUXIMAB|RAMUCIRUMAB|ELOXATIN|ZALTRAP|NIVOLUMAB|STIVARGA|REGORAFENIB|FLUOROURACIL INJECTION,PTGS2|NT5E|AKT1|B2M|ARAF|FCGR1A|LGALS2|BDNF|EGF|TAT|PIK3CA|NTRK1|PTP4A3|CDH1|JAK2|FGFR1|BRCA1|ERBB3|BRCA2|ERBB4|IDH1|BGLAP|MGMT|CXCL10|PMS2|FGFR2|SHMT1|KRAS|CXCL8|C1QC|C1QB|C1QA|KIT|PTEN|APC|KLC3|SLC19A1|CDKN1A|MSH2|BCHE|XRCC1|ATP7A|ATP7B|RUNX3|THBS2|VPS37A|XDH|ISG15|NF2|NF1|JAK1|ANXA11|CTLA4|FRK|VEGFA|VEGFC|VEGFB|TP53|DDR2|CD274|PALB2|TOP1|VWF|KRT18|PDGFRB|PDGFRA|SMAD4|ATM|EPHA2|RET|POLE|MAPK10|MAPK11|ABL1|IL1A|FLT4|RAF1|HTRA1|FLT1|AREG|TEK|FANCC|GGH|KDR|FBXW7|MTHFR|FCGR3A|TOP1MT|CGB5|AGAP1|AC064874.1|MSH6|ATRX|TJP2|ARMS2|ALK|GSTM1|MET|EREG|PARD3B|RAD50|PDCD1|ERBB2|DHFR|ERCC1|ERCC2|MSH3|EGFR|BAX|FCGR3B|VHL|MAP2K1|CDKN2A|UGT1A1|BIRC5|HLA-DRA|TYMSOS|DPYD|NRAS|TYMP|MLH1|CXCR2|ABCB1|ABCB4|NRG1|PIGF|COL18A1|FCGR2B|FCGR2C|FCGR2A|CES1|CES2|CYP7B1|HRAS|E2F1|DKK1|TYMS|GSTP1|BRAF|MMP9|C1S|C1R|MMP2|ABCC1|BCL2
LAML,ENASIDENIB MESYLATE|GEMTUZUMAB OZOGAMICIN|PENTOSTATIN|PRALATREXATE|METHOTREXATE SODIUM|IDELALISIB|923288-90-8|L-ASPARAGINASE|OBINUTUZUMAB|IDARUBICIN HYDROCHLORIDE|IBRITUMOMAB TIUXETAN|INOTUZUMAB OZOGAMICIN|MYLOTARG|CYTARABINE|PONATINIB HYDROCHLORIDE|ALEMTUZUMAB|CARFILZOMIB|METHOTREXATE|OFATUMUMAB|LENALIDOMIDE|VINBLASTINE|BLINATUMOMAB|6-MERCAPTOPURINE|IXAZOMIB|BRIGATINIB|VENETOCLAX|PANOBINOSTAT LACTATE|AZD-9291 MESYLATE|ACALABRUTINIB|ASPARAGINASE|FLUDARABINE PHOSPHATE|NILOTINIB|THALIDOMIDE|DAURISMO|BRENTUXIMAB|PONATINIB|MIDOSTAURIN|BOSUTINIB|XOSPATA|DASATINIB|BEXAROTENE|IDAMYCIN PFS?(IDARUBICIN HYDROCHLORIDE)|IDARUBICIN|FLUDARABINE|TIBSOVO|DAUNORUBICIN HYDROCHLORIDE|GLASDEGIB MALEATE|RYDAPT|BORTEZOMIB|DAUNORUBICIN|VINCRISTINE SULFATE|TRISENOX|POMALIDOMIDE|MITOXANTRONE|CARMUSTINE|BELINOSTAT|TABLOID|DARATUMUMAB|5-AZACYTIDINE|BUSULFAN|ARSENIC TRIOXIDE|HOMOHARRINGTONINE|ROMIDEPSIN|IDHIFA|GILTERITINIB FUMARATE|CLADRIBINE|CERUBIDINE|ELOTUZUMAB|CHLORAMBUCIL|PANOBINOSTAT|VINCRISTINE|VENCLEXTA|ABT-199|VINBLASTINE SULFATE|IXAZOMIB CITRATE|CLOFARABINE|RUBIDOMYCIN|IVOSIDENIB|AZD-9291|THIOGUANINE|DAUNORUBICIN HYDROCHLORIDE AND CYTARABINE LIPOSOME|COPANLISIB|DEXAMETHASONE|BRENTUXIMAB VEDOTIN|DACARBAZINE|CYCLOPHOSPHAMIDE|IBRITUMOMAB|MITOXANTRONE HYDROCHLORIDE|IMATINIB|HYDROXYUREA|MELPHALAN|6-THIOGUANINE|IMATINIB MESYLATE|DOXORUBICIN HYDROCHLORIDE|RETINOIC ACID|NELARABINE|23541-50-6|ARSENIC|VYXEOS|IBRUTINIB,C3orf83|CRKL|HSPA4|STK10|HSPA8|PCSK6|HIPK3|PSMB11|PSME2P2|PDCD11|TAT|SMG1|CDC73|CAMK1|PIK3CA|PIK3CB|PIK3CD|PIK3CG|GSR|CRBN|DDB1|VDAC1|SCLY|IGF1R|STK11|NR5A1|TPM3|IFNG|CAMK2G|HES6|CAMK2B|PIK3C2B|PIK3C2A|PIK3C2G|CSF3R|CYP3A4|PIK3C3|GATA2|NLK|CNDP2|GATA1|DUSP28|AKAP6|JAK2|ORM1|POU2AF1|CCND1|TUBB4B|ASXL1|PTEN|GSTM1|CD226|ADH1C|TUBE1|TNFSF11|CDKN1B|CDKN1A|ALDH3A1|MLL3|MLL2|MYO18B|CAPN10|APOA1|RP11-162A12.2|APOE|APOB|PVT1|MST1|TTK|RP11-321M21.3|TNFRSF8|JAK3|NF1|STAG3|KSR2|ZNF516|NR1H3|ALPK1|FAM123B|ALPK2|TSPYL2|HOXB1|PAXIP1|BLM|PPARG|PPARD|VEGFA|BLK|VEGFB|HCK|CHST3|RTTN|TNK2|GSTO1|PSMD14|PSMD11|PSMD10|CBL|PSMD12|MAP3K2|ACOXL|ITGAL|HES1|VWF|EIF4A1|NR0B1|KRT19|CD19|MYH11|DNMT1|CD40LG|RALBP1|SMAD4|SMAD2|PZP|SMO|EIF4E|POLE|MKRN2|POLB|FH|CYFIP1|GLS|GPRC5A|CAMK1D|MDK|NCOA4|PRAME|TUBB2A|ASPH|NR2F2|PSMD10P3|S100A8|RBM15|PSMD10P2|UBE2F-SCLY|EIF4B|PSMD10P1|RP11-17M16.1|RIF1|NAT2|RXRG|MYLK3|RXRB|PSMD3|PTPRZ1|WEE1|SRPK3|SRPK2|CYP2C9|IL2RA|HGF|ALK|F9|FOXO1|TP73|SI|SPP1|PRKD1|PRKD3|BRCA1|TOP2B|PSMD9|PSMD8|PSMD5|PSMD4|PSMD7|PSMD6|PSMD1|BAX|PSMD2|CTNNB1|PLCG2|MAPK10|MAGEA1|OR6B2|OR6B3|EPS15|PGD|CDK19|MYOD1|DPYD|TWIST2|IMPDH1|SULF1|PIPSL|CXCR2|YES1|PSMC1|PSMC2|PSMC3|PSMC4|PSMC5|PSMC6|FOLH1|NOS1|NOS2|NOS3|AC110619.2|ITGB6|RP11-169F17.1|FBN2|CD40|CLCN6|P2RY2|TTBK1|MTERFD2|SEM1|E2F1|PNP|CALR|CCNA1|CYB5A|MAP3K12|MAP3K13|NOTCH2|STK4|EGFR|PPP1R13L|EWSR1|LIF|NQO2|PDGFRA|NQO1|IKBKB|IMPDH2|FCGR1A|IKBKE|ROS1|FBLN5|RARA|RARB|TUBA3E|TUBA3D|RARG|SIX4|NFE2L2|PSMB10|SAG|FGR|CNDP1|NDUFA10|ZNF236|CDH1|RELA|CDH5|MYEOV2|CDH7|WT1|AC093802.1|EXT2|CDKN2D|TPO|TSC22D3|RAMP1|JAZF1|FAM69C|KLK3|FIP1L1|ARID1A|SLC2A4|C1QC|C1QB|SLC2A1|CSF3|CD3EAP|DBF4|WHSC1|NETO1|APC|ACTB|TMEM40|NGF|CYB5R4|BCL11B|FUS|COPS5|PI4KA|ITGB2|CNTN6|SLC29A2|SLC29A1|CNTN5|HSPB2|ATP7A|MYCN|RP11-861L17.3|NEK1|ZNF608|ROR2|CEACAM1|COL18A1|STK25|SRMS|CDC42BPA|TUBD1|BMX|PRR21|TXNRD1|INCENP|FARP2|GCG|XPC|PRRX1|IGFBP1|HSPB8|RBX1|SHH|FBN1|AFP|TUBB2B|DPEP1|MGA|TRAF3IP1|TBP|DNAH8|TUBB|GPR112|DDRGK1|ILKAP|BTK|HDAC1|PDGFRB|HDAC3|HDAC2|HDAC5|HDAC4|HDAC7|HDAC6|HDAC9|HDAC8|ATM|RFC1|CYP4B1|WLS|CSMD3|ATR|RP11-41O4.1|CHAT|FABP1|STK24|FLT3|POLD1|CSF1R|FANCC|AC104809.3|LRRFIP1|FANCL|NOVA1|VGLL4|HAS3|TGFBR3|TGFBR2|NTF3|FRK|SERPINE1|TPMT|IL6R|DLL1|NUDT10|GTSCR1|LINC00908|EP300|NFKB2|TAOK3|TRIT1|ALOX5|ITK|ARNT|SLC22A16|SLC22A12|IRS2|CDK2|PPAT|CDK4|FANCI|ESPNL|CDK8|FBXW7|SLAMF1|OBSCN|POLA2|POLA1|ACVR2A|ERCC1|ERCC3|MSH6|CYP17A1|CD247|MCL1|SMARCA4|ELL|AXIN1|TPPP|ADCK4|RGL2|FYN|ADCK3|RB1|SNORD68|TET1|ABCB1|ZAP70|AURKB|ABCB4|SULT2A1|PRKCI|PRKCH|TET2|PRKCA|PSME4|NR4A1|FCGR2B|PRKCD|PRKCG|FCGR2A|ABCC4|PRKCZ|CASC5|SLK|PRKCQ|TUBA4A|CTNNA2|TAMM41|BAI1|TTBK2|MAML1|NOTCH1|ROCK2|ABCC1|SCRIB|ITGAV|ITPA|CYP2C19|ADH1A|PTCH1|MMP2|GDA|CD38|PMAIP1|TBX21|CD33|PRPF4B|AGER|FBXO15|CHN1|BCL2L2|ALPL|GPR35|RANBP17|PPP1R7|DCK|PPP1R3A|BHLHE40|MAP3K1|MAP3K6|RORB|WDR63|NF2|ERBB2|ERBB3|BRCA2|ERBB4|IDH2|IDH1|WNK1|HOXD1|PASK|NR2C2|PER2|PER1|NR2C1|RPL13|FGFR4|FAM132B|FGFR2|FGFR3|FGFR1|ATIC|RBM44|AKT1|CXCL8|CCL17|KIT|SPEN|F2R|GALR1|RUNX1|HDAC11|HDAC10|LZTR1|CD3E|CD3G|DSEL|RRM2B|CLSPN|HRAS|CRTC3|XRCC5|PSMC1P1|SEPT2|IL1R2|PPM1E|GUCY2F|MET|EGR2|JUN|PPARGC1A|XDH|CHKA|TIAM1|TRPM8|KIF1A|TRPM7|NPPC|THRSP|CHEK1|EPHB2|CTLA4|EPHB1|EPHB6|TUBB8|SULT1C4|TUBB6|TSHZ1|EPHA6|TUBB3|TUBB1|PAX5|SLAMF7|ASB1|ICAM3|GPHN|TP53|DNTT|TNFRSF1A|DDR2|PSMD4P1|DDR1|HOXC13|CYP2E1|UBE2F|PSMD13|POLE4|POLE3|TIMM21|SULT2B1|PRL|AGTR1|OTOS|LCK|PTH1R|VEGFC|SGK223|TGFB1|ACTC1|AC062017.1|LHFP|SNED1|IL1B|RAF1|BCR|KCNA1|SLC10A2|SIK1|SIK3|SIK2|HPRT1|SPG7|CBLN2|BMP2K|CD86|PSMA2|PSMA3|PSMA1|PSMA6|TSEN2|PSMA4|PSMA5|PSMA8|UBR5|KDR|SRC|DHFR|MSH3|RNPEPL1|SRI|PRKAA1|SALL3|GALC|OCLN|ATRX|CP|LYN|CYP1A1|CYP1A2|SGK3|CDA|RPSA|IL10|IL11|EIF2AK3|AGXT|ASNS|RARRES1|IL6|IL5|IL2|C2orf54|ZNF407|CDH11|MAP4K2|MAP4K5|MCM3AP|CDH17|CDH19|BIRC5|DIP2C|FCGR3A|ECM1|FCGR3B|SLCO1B1|MAP2K2|MAP2K1|AC016757.3|RUNX1T1|TOP1|ZMYND10|MAP2K4|TEAD1|ALDH1A1|ALDH1A2|TYMSOS|CBS|MLLT4|FAS|PTHLH|OPLAH|CD3D|NIPBL|NRG1|TERT|MBP|NT5C2|POLE2|ANXA1|KMT2A|SMARCB1|MTR|PSMC3IP|TP53BP1|WRAP53|HLF|BCL2L11|TAGLN|CASP6|MLKL|SDS|INSR|PHF3|LPL|EPM2AIP1|C1S|C1R|ABCC6|AC079612.1|BCL2|BCL2L1|PTGS2|TIMP4|MLH3|PSMF1|KLK7|SGK196|EPO|SOAT1|ATP9B|S100A10|BDNF|S100A12|C18orf63|MS4A1|SMIM21|CCDC102B|NTRK1|NTRK3|ANKMY1|CDKN2A|ARHGAP26|SFTPA1|MYC|CTAG1B|DDIT3|SOD2|TUBG1|CD22|P4HB|HTR7|SOCS6|RET|MGMT|ANKK1|UBR1|SMAD3|CSNK2A1|KRAS|ERC1|PDCD1|BMP4|BRSK1|HYAL2|ROBO2|XIAP|ZADH2|LDHA|NR1I2|DYRK2|HUNK|TLR4|APP|SLC19A1|TNFRSF9|ZNF217|VDR|NR3C2|HLA-B|TRIM37|TRAF2|DCLK2|TDO2|CSF2|CLTC|ARID4B|ADRBK1|IL1R1|AMH|PREX2|LRRK2|PTH|TUBA1C|TUBA1B|TUBA1A|THBS1|PIK3R6|PIK3R5|PIK3R4|PIK3R3|PIK3R2|PIK3R1|RPGRIP1|MYD88|RP11-723G8.2|TOP2A|CDK17|TRH|PRKCB|KLHL30|NEDD9|PRKCE|KRT20|C15orf2|FCGR2C|NAV3|MLL|RXRA|PKHD1|TFE3|PSME1|FGF2|IL1RN|ABCG2|TLK1|ETV6|VAV1|MPO|G6PD|HOXD13|TNFAIP3|KDM5A|SHBG|NRD1|TNF|HECW1|AIFM1|ARHGAP29|EPHA7|RPE65|EPHA5|EPHA4|EPHA3|EPHA2|EPHA1|FFAR2|HNRNPH1|DIABLO|SACS|ABL1|ABL2|IKZF1|NCAM1|SORL1|MARK4|TEK|CGA|TEC|CYP2B6|MAPK3|MAPK1|MAPK6|MAPK4|PML|NFKB1|MAPK8|DUSP6|DUSP1|PSMA7|TBXA2R|FSCB|MTHFR|HDLBP|RPL3|VCAM1|BCOR|ADA|ACHE|ADK|TAB1|TRPS1|DICER1|SOS2|RASGRF2|MT1F|ROCK1|GGH|TJP1|STAT5B|PRKACG|PSMB9|PSMB8|PSMB7|PSMB6|PSMB5|PSMB4|PSMB3|PSMB2|PSMB1|TRIB1|CD52|CD55|CPAMD8|RPS19|JUNB|NRIP1|LATS1|ANO7|RRM2|RRM1|ADAM17|UGT1A5|UGT1A1|P2RX7|CUL4A|TXK|CAND2|TYMS|NRAS|GSTP1|THPO|GLI1|DOK6|AQP12B|AQP12A|DGKB|TG|ADRM1|C1QA|DAPK1|VPS13B|ULK2|PDGFA|NR3C1|DNMT3A|ULK4|RP11-94B19.4|PSME2|PLAU|PLAT|GPC1|GGT1|TMX3|DACH1|BIRC3|NPM1|RASA1|PSME3|COL14A1|UBE3B|BRAF|CHD8|CARTPT|BAP1|FOLR1
STAD,CYRAMZA|DOXORUBICIN HYDROCHLORIDE|TRIFLURIDINE AND TIPIRACIL HYDROCHLORIDE|PEMBROLIZUMAB|EVEROLIMUS|5-FU|RAMUCIRUMAB|TRASTUZUMAB|TAXOTERE|HERCEPTIN|MITOMYCIN|SUNITINIB|SUNITINIB MALATE|LANREOTIDE|DOCETAXEL|MITOMYCIN C|KEYTRUDA|LONSURF|REGORAFENIB|FLUOROURACIL INJECTION,ERBB3|PDGFRB|STK11|AKT1|AKT2|AKT3|ARAF|MLH1|FCGR1A|PMS2|TAT|B2M|PIK3CA|NTRK1|PIK3CG|EDN1|FGFR1|BRCA1|FLCN|BRCA2|AURKB|IFNG|KRT20|EPHA2|BGLAP|KLK3|RPL13|BRD4|MUC16|CYP3A4|CYP3A5|FGFR2|KRAS|ARID1A|C1QC|C1QB|C1QA|KIT|NR1I2|XRN1|FKBP1A|APC|HRAS|HIF1A|ABL1|PTPRB|XRCC1|HSPB2|ARID4B|ATP7A|XRCC4|PTEN|U2AF1|RAF1|XDH|JAK2|NF2|NF1|JAK1|FLT1|TOP2A|IGF2|SULT1C4|TUBB3|TUBB1|PPARD|CHST3|TP53|GNAQ|ESR1|DDR2|CD274|MPL|HMOX1|TUBB|VWF|GAS6|EPHX1|PDGFRA|MKI67|TLE3|ATM|CYP4B1|RET|POLE|MAPK10|MAPK11|FH|IL1A|FLT4|TSC2|FLT3|TSC1|SLC10A2|TEK|CSF1R|FANCC|MSH2|KDR|FBXW7|MSH3|MTHFR|NAT2|CA9|CGB5|AGAP1|AC064874.1|MTOR|MSH6|LGALS2|SLCO1B1|ALK|GSTM1|SSTR1|MET|SSTR3|SSTR2|SSTR5|PBRM1|PDCD1|PALB2|ERBB2|MAP4|SPG7|DHFR|BIRC5|PRDX4|EGFR|BAX|FCGR3B|CTNNB1|VHL|SLCO1B3|MCL1|RRM1|FCGR3A|XRCC3|HLA-DRA|DPYD|MAP2|NRAS|RB1|SNORD68|FRK|ABCB1|PGR|PGP|ABCB4|FOLH1|ANXA1|PDGFA|PDGFB|PDGFC|PDGFD|FCGR2B|FCGR2C|FCGR2A|CYP2A6|HGF|EPCAM|BAP1|CYP7B1|NOTCH1|TYMS|GSTP1|BRAF|MAPT|GNA11|C1S|C1R|ABCC6|KRT18|BCL2
LUAD,CYRAMZA|IRESSA|AVASTIN|TARCEVA|OSIMERTINIB MESYLATE|AFINITOR|ALECTINIB HYDROCHLORIDE|PORTRAZZA|SELPERCATINIB|VINORELBINE|TOPOTECAN HYDROCHLORIDE|PORFIMER|METHOTREXATE SODIUM|ENTRECTINIB|IPILIMUMAB|CERITINIB|IMFINZI|GILOTRIF|TAFINLAR|ALIMTA|ERLOTINIB HYDROCHLORIDE|XALKORI|EVEROLIMUS|ALECENSA|GEMCITABINE|MEKINIST|PACLITAXEL|TAXOTERE|TRAMETINIB|CARBOPLATIN|PARAPLAT|AFINITOR DISPERZ|DOCETAXEL|DABRAFENIB MESYLATE|OPDIVO|TAGRISSO|BEVACIZUMAB|PACLITAXEL ALBUMIN-STABILIZED NANOPARTICLE FORMULATION|YERVOY|BRIGATINIB|GEMZAR|MUSTARGEN|TREXALL|VIZIMPRO|VINORELBINE TARTRATE|ALUNBRIG|GEMCITABINE HYDROCHLORIDE|TOPOTECAN|DACOMITINIB|ROZLYTREK|TECENTRIQ|LORBRENA|METHOTREXATE|PEMETREXED|PEMETREXED DISODIUM|ATEZOLIZUMAB|ABRAXANE|PEMBROLIZUMAB|MVASI|DOXORUBICIN HYDROCHLORIDE|PARAPLATIN|LORLATINIB|RETEVMO|RAMUCIRUMAB|MECHLORETHAMINE HYDROCHLORIDE|GEFITINIB|AFATINIB|CAPMATINIB HYDROCHLORIDE|DURVALUMAB|NIVOLUMAB|CRIZOTINIB|KEYTRUDA|TABRECTA|ZYKADIA|AFATINIB DIMALEATE|NECITUMUMAB|ALECTINIB|ERLOTINIB,ERRFI1|CRKL|STK10|STK11|MOCS3|B2M|CD226|LIFR|TAT|SMG1|PIK3CA|CAMK4|PIK3CG|RNF114|ZC3H15|WEE1|SCLY|IGF1R|XPC|MUC16|CYP3A4|CYP3A5|GATA2|CNDP1|CNDP2|DUSP28|CCND1|TUBB4B|DDX43|PTEN|STK38L|CDKN1B|CDKN1A|ALDH3A1|HSP90B1|EDNRB|SNORD68|RP11-162A12.2|SOX10|RP11-321M21.3|JAK2|NF2|NF1|TTL|CX3CL1|ZNF516|JAK1|DSEL|DST|NCAPD3|PPARD|VEGFA|VEGFC|VEGFB|GART|RTTN|FSIP2|BNIP3|TNK2|RPS6KA3|RPS6KA6|CBL|FLNC|HES6|TLE3|RET|PRKDC|SMO|XIAP|EML4|FH|GLS|TSC2|HTRA1|TSC1|CIITA|SPARC|S100A8|ITGAV|GGH|IL17F|GSG2|RXRA|LDLR|LTK|UBE2V1|IL2RA|ALK|SLCO1B3|TP73|PBRM1|BRCA1|MYC|MAP2K5|ERBB3|DHFR|EGFR|BAX|CTNNB1|OR6B2|OR6B3|HLA-DRA|DPYD|CDK12|TWIST2|RNPEPL1|CXCR2|HNF1A|PGP|FOLH1|NOS3|AC110619.2|RP11-169F17.1|HGF|TRIP11|TRIP13|MTERFD2|EIF4E2|E2F1|BTRC|CYB5A|PPP3CB|LIF|KIAA1549|STYK1|ARAF|FCGR1A|EGF|PIK3C3|TUBA3E|TUBA3D|FGFR3|NDUFA10|ZNF236|CDH1|FGFR1|CDH7|CDKN2A|RAMP1|SCD5|FAM69C|KLK3|TPR|SNAI1|C1QC|C1QB|CSF2|NETO1|APC|ADNP|CCL4|KCNG1|COPS5|TGM2|TRIB1|SLC29A1|HSPB2|ATP7A|ATP7B|RP11-861L17.3|CYP2D6|NEK1|STK25|EMP1|CEACAM5|TRAF3IP1|TNKS2|PRR21|IGF2|FARP2|IGFBP5|TUBB2A|TUBB2B|STK32A|TUBB|TOP1|CLK1|CLK3|GAS6|EPHX1|PDGFRA|HDAC4|PI4KA|TPM3|ATM|CYP4B1|TIGD1|ATR|RP11-41O4.1|FANCD2|FLT3|AREG|CYP1B1|POLD1|MYH9|TMEM200A|CDKL2|FANCG|FANCC|AC104809.3|FASN|FBXW7|ACVR2A|ANO7|RALGDS|MTMR11|NUDT10|MTOR|GTSCR1|LINC00908|EP300|MAPK8|FAM65C|KIF1A|PIP5K1B|CDK2|SLAMF1|POLA1|TGFB3|PTK7|ERCC2|PRDX4|ARMS2|MSH6|MCL1|HIP1|BAZ2B|CEBPB|CEBPA|AXIN1|RGL1|MAP2|RB1|ETS2|ABCB1|AURKA|SULT2A1|PRKCH|TOP1MT|FCGR2B|FCGR2C|FCGR2A|SKIL|TNFRSF11B|TUBA4A|BAI1|NOTCH1|NOTCH3|TYMS|GSTP1|MYEOV2|MMP9|BCL2|MMP2|FES|TSSK1B|PMAIP1|AGER|FBXO15|GPR35|PPP1R7|LDHA|PARD6B|CBFA2T3|JAK3|ERBB2|FLCN|CIP2A|BRCA2|SHC1|ERBB4|TRIM24|IDH1|WNK1|CLCN6|PASK|PER2|PER1|RPL13|BRD4|PATZ1|FGFR4|FGFR2|ROR2|SHMT1|LRRFIP1|ATIC|RBM44|ZFYVE9|SYK|CXCL8|KIT|SPEN|GALR1|FOXA2|FKBP1A|HRAS|MED24|XRCC1|XRCC3|XRCC4|SEPT3|SEPT2|UBE2F-SCLY|FOS|SLC9A8|ROS1|RRM2B|NFE2|ANXA11|CHEK1|CTLA4|TUBB8|SULT1C4|TUBB6|TSHZ1|TUBB3|TUBB1|ASB1|PTPN1|ESPNL|TP53|GNAQ|ESR1|DDR2|CD274|UBE2F|EIF4EBP1|STK38|TIE1|RP11-17M16.1|AC062017.1|NTRK1|SNED1|BCAS4|NTRK3|CHST3|KCNA1|STAT6|ATXN1L|ANKMY1|CBLN2|ICAM3|AC093802.1|MSH2|DPM1|SRC|MSH3|TSSK2|ACACB|MAST2|SALL3|ATRX|LYN|CDA|SGK1|VHL|GSTM1|GNAS|AGXT|CAPN10|IL2|C2orf54|ZNF407|C18orf63|TMPO|MAP4K5|CAMK1G|CDH19|BIRC5|FCGR3A|FCGR3B|SLCO1B1|MAP2K2|FOXO1|AC016757.3|MAP2K7|MAP2K6|MAP4|MAP2K4|ALDH1A1|MLLT4|SMARCA4|NIPBL|HNRNPA2B1|NRG1|MBP|ALOX5|MALT1|SMARCB1|COL18A1|HSPB8|MCM4|ILKAP|CYP2A6|OTOS|CASP3|INSR|BCL9|MAPT|ABCC4|C1R|ABCC6|AC079612.1|ABCC3|FAM132B|AKT1|AKT2|AKT3|ATP9B|NIM1|BDNF|S100A12|MS4A2|ENOSF1|CCDC102B|GRK5|YWHAH|NTRK2|GRK1|SMAD4|ARHGAP29|MYB|BLNK|DDIT3|P4HB|SERPINB1|PMS2|SMIM21|UBR5|KRAS|SOCS6|ROBO2|GSK3A|POLE|ZADH2|GSK3B|NR1I2|TMEM189-UBE2V1|TLR9|KDM5A|SLC19A1|STMN1|HLA-A|DCLK1|FMN2|DCP1B|ARID4B|MAPKAPK3|MAPKAPK2|CHD1|TUBA1C|TUBA1B|TUBA1A|THBS2|AFP|ETV5|TMEM189|RP11-723G8.2|TOP2A|ACVRL1|KLHL30|SLC10A2|STAG2|MAP2K3|PKHD1|ITPR1|FGF2|PBK|ETV1|IL1RN|ABCG2|TLK1|ETV4|ETV6|MPL|G6PD|NUP153|UNC79|MATK|MAP2K1|SACS|ABL1|ABL2|CACNB2|MAPK3|MAPK1|KDM6A|PDCD4|DUSP6|PDCD1|MTHFR|HDLBP|FER|UNC13C|ADA|PRB2|CRNKL1|KRT20|MET|KDR|WWOX|TIMM21|CIC|SPG7|BCL11A|LATS2|LATS1|RRM2|RRM1|DSCAM|UBASH3B|TXK|PTPRF|CMPK1|TAL2|NRAS|GCLC|MLH1|DOK6|AQP12B|AQP12A|NAT2|C1QA|DAPK1|ULK2|NR3C1|RP11-94B19.4|GNA11|PLAU|GPC1|TMX3|JARID2|NPM1|ABCC10|TAB2|CHD9|GRIN2A|BRAF|CHD8|SPATA2|BAP1|ATF1
PRAD,PROVENGE|RADIUM 223 DICHLORIDE|RUBRACA|ELIGARD|XTANDI|FIRMAGON|FLUTAMIDE|ENZALUTAMIDE|NILUTAMIDE|LYNPARZA|ERLEADA|DEGARELIX ACETATE|CABAZITAXEL|MITOXANTRONE|ABIRATERONE|NILANDRON|JEVTANA|LEUPROLIDE ACETATE|BICALUTAMIDE|LUPRON DEPOT|RUCAPARIB CAMSYLATE|GOSERELIN|GOSERELIN ACETATE|XOFIGO|MITOXANTRONE HYDROCHLORIDE|LUPRON|DEGARELIX|MELPHALAN|ESTRAMUSTINE|TAXOTERE|ZOLADEX|OLAPARIB|DAROLUTAMIDE|ESTRAMUSTINE PHOSPHATE SODIUM|DOCETAXEL|NUBEQA|CASODEX|ABIRATERONE ACETATE|APALUTAMIDE|SIPULEUCEL-T|ESTRAMUSTINE PHOSPHATE|ZYTIGA,GSR|STK11|PEBP1|FST|TUBA3E|TUBA3D|CDH1|PIK3CA|DNMT1|PZP|IRAK2|CBLC|BRCA2|TH|IL2RA|IFNG|IDH2|IDH1|AQP9|KLK3|RPL13|BRD4|MUC16|CYP3A4|CYP3A5|ROR2|KRAS|OPLAH|TUBB4B|AHR|PTEN|VIP|ATR|TOP2A|VDR|MAP1A|HRAS|ABL1|MGMT|XRCC1|ARID4B|ATP7A|XRCC4|LHCGR|NFE2L2|NR1I2|ASXL1|TUBA1B|TUBA1A|TUBA1C|PPARGC1A|TUBB6|CDKN1A|CHEK2|CHEK1|IGF2|CTLA4|TUBB8|SULT1C4|STAG2|PARP1|PARP2|TUBB3|PPARD|CHST3|TUBB1|TUBB2A|TUBB2B|ABCG2|TP53|CSNK1A1|ESR1|MPO|PALB2|TUBB|PCDH15|GAS6|EPHX1|HDAC2|HDAC4|TLE3|EPHA4|CYP4B1|SMAD3|GNRHR|FH|SLC10A2|PRAME|CACNB2|CYP2B6|CFLAR|FANCC|FANCA|MSH2|FBXW7|GNRHR2|MTHFR|NAT2|HDLBP|DLL1|ESR2|ADK|SLCO1B1|ACPP|RPSA|CYP17A1|GSTM1|MET|GNRH1|RIPK4|BRCA1|TOP2B|RRM1|SPG7|KALRN|BIRC5|PRDX4|BAX|MAP2|VHL|SLCO1B3|MCL1|MAP4|UGT1A5|XRCC3|MYOD1|ATM|MLLT6|SNORD68|ABCB1|PGP|LDHA|FOLH1|TRAF2|TET2|KMT2D|PRL|PLAT|AR|CYP2A6|TUBA4A|ERBB2|HEXB|NOTCH1|PARP3|CDK12|GSTP1|PTPRC|MAPT|ABCC6|MMP1|ABCC1|BCL2
